{
	"info": {
		"_postman_id": "c3200702-54a5-48c9-95a5-143aedb36a49",
		"name": "Aceleracao Everis - Postman",
		"schema": "https://schema.getpostman.com/json/collection/v2.1.0/collection.json"
	},
	"item": [
		{
			"name": "https://aceleracaoeveris-com-br.umbler.net/dao/module/users",
			"request": {
				"method": "GET",
				"header": [],
				"url": {
					"raw": "https://aceleracaoeveris-com-br.umbler.net/dao/module/users",
					"protocol": "https",
					"host": [
						"aceleracaoeveris-com-br",
						"umbler",
						"net"
					],
					"path": [
						"dao",
						"module",
						"users"
					]
				}
			},
			"response": []
		},
		{
			"name": "https://aceleracaoeveris-com-br.umbler.net/dao/module/users",
			"request": {
				"method": "POST",
				"header": [],
				"body": {
					"mode": "raw",
					"raw": "{\r\n    \"username\" : \"Aceleração\",\r\n    \"nickname\" : \"Teste\"\r\n}",
					"options": {
						"raw": {
							"language": "json"
						}
					}
				},
				"url": {
					"raw": "https://aceleracaoeveris-com-br.umbler.net/dao/module/users",
					"protocol": "https",
					"host": [
						"aceleracaoeveris-com-br",
						"umbler",
						"net"
					],
					"path": [
						"dao",
						"module",
						"users"
					]
				}
			},
			"response": []
		},
		{
			"name": "https://aceleracaoeveris-com-br.umbler.net/dao/module/users/601b24ecfc862000168175f3",
			"request": {
				"method": "GET",
				"header": [],
				"url": {
					"raw": "https://aceleracaoeveris-com-br.umbler.net/dao/module/users/601b24ecfc862000168175f3",
					"protocol": "https",
					"host": [
						"aceleracaoeveris-com-br",
						"umbler",
						"net"
					],
					"path": [
						"dao",
						"module",
						"users",
						"601b24ecfc862000168175f3"
					]
				}
			},
			"response": []
		},
		{
			"name": "https://aceleracaoeveris-com-br.umbler.net/dao/module/users/601b24ecfc862000168175f3",
			"request": {
				"method": "PUT",
				"header": [],
				"body": {
					"mode": "raw",
					"raw": "{\r\n    \"username\" : \"Nome alterado\"\r\n}",
					"options": {
						"raw": {
							"language": "json"
						}
					}
				},
				"url": {
					"raw": "https://aceleracaoeveris-com-br.umbler.net/dao/module/users/601b24ecfc862000168175f3",
					"protocol": "https",
					"host": [
						"aceleracaoeveris-com-br",
						"umbler",
						"net"
					],
					"path": [
						"dao",
						"module",
						"users",
						"601b24ecfc862000168175f3"
					]
				}
			},
			"response": []
		},
		{
			"name": "https://aceleracaoeveris-com-br.umbler.net/dao/module/users/601b24ecfc862000168175f3",
			"request": {
				"method": "DELETE",
				"header": [],
				"url": {
					"raw": "https://aceleracaoeveris-com-br.umbler.net/dao/module/users/601b24ecfc862000168175f3",
					"protocol": "https",
					"host": [
						"aceleracaoeveris-com-br",
						"umbler",
						"net"
					],
					"path": [
						"dao",
						"module",
						"users",
						"601b24ecfc862000168175f3"
					]
				}
			},
			"response": []
		}
	]
}